{
  "_fv": 60,
  "_type": "potioneffect",
  "definition": {
    "effectName": "Gravitation Surge",
    "icon": "gravitation_skybreaker.png",
    "color": {
      "value": -11317671,
      "falpha": 0.0
    },
    "isInstant": false,
    "isBad": false,
    "isBenefitical": true,
    "renderStatusInInventory": true,
    "renderStatusInHUD": true,
    "onStarted": {
      "name": "GravitationEffectStartedapplied"
    },
    "onActiveTick": {
      "name": "GravitationOnEffectActiveTick"
    },
    "onExpired": {
      "name": "GravitationSkybreakersEffectExpires"
    }
  }
}