{
  "_fv": 60,
  "_type": "tool",
  "definition": {
    "toolType": "Sword",
    "renderType": 1,
    "blockingRenderType": 0,
    "texture": "shardblade_stoneward",
    "customModelName": "shardblade_stoneward:default",
    "blockingModelName": "Normal blocking",
    "name": "Shardblade",
    "specialInformation": {
      "fixedValue": []
    },
    "creativeTab": {
      "value": "CUSTOM:Radiant"
    },
    "harvestLevel": 4,
    "efficiency": 9.0,
    "attackSpeed": 1.6,
    "enchantability": 0,
    "damageVsEntity": 10.0,
    "usageCount": 2031,
    "blocksAffected": [],
    "glowCondition": {
      "fixedValue": false
    },
    "repairItems": [],
    "immuneToFire": true,
    "stayInGridWhenCrafting": false,
    "damageOnCrafting": false,
    "onEntityHitWith": {
      "name": "LivingShardbladeEntityIsHitWithTool"
    }
  }
}