{
  "_fv": 60,
  "_type": "tool",
  "definition": {
    "toolType": "Sword",
    "renderType": 0,
    "blockingRenderType": 0,
    "texture": "golden_sword_tension",
    "customModelName": "Normal",
    "blockingModelName": "Normal blocking",
    "name": "Tension Infused Gold Sword",
    "specialInformation": {
      "fixedValue": []
    },
    "creativeTab": {
      "value": "No creative tab entry"
    },
    "harvestLevel": 4,
    "efficiency": 9.0,
    "attackSpeed": 1.6,
    "enchantability": 0,
    "damageVsEntity": 9.0,
    "usageCount": 2031,
    "blocksAffected": [],
    "glowCondition": {
      "fixedValue": true
    },
    "repairItems": [],
    "immuneToFire": false,
    "stayInGridWhenCrafting": false,
    "damageOnCrafting": false,
    "onItemInUseTick": {
      "name": "TensionSwordGoldToolInHandTick"
    }
  }
}