{
  "_fv": 60,
  "_type": "tool",
  "definition": {
    "toolType": "Pickaxe",
    "renderType": 0,
    "blockingRenderType": 0,
    "texture": "wooden_pickaxe_tension",
    "customModelName": "Normal",
    "blockingModelName": "Normal blocking",
    "name": "Tension Infused Wood Pickaxe",
    "specialInformation": {
      "fixedValue": []
    },
    "creativeTab": {
      "value": "No creative tab entry"
    },
    "harvestLevel": 4,
    "efficiency": 9.0,
    "attackSpeed": 1.2000000000000002,
    "enchantability": 0,
    "damageVsEntity": 6.0,
    "usageCount": 2032,
    "blocksAffected": [],
    "glowCondition": {
      "fixedValue": true
    },
    "repairItems": [],
    "immuneToFire": false,
    "stayInGridWhenCrafting": false,
    "damageOnCrafting": false,
    "onItemInUseTick": {
      "name": "TensionPickaxeWoodToolInHandTick"
    }
  }
}