{
  "_fv": 60,
  "_type": "recipe",
  "definition": {
    "recipeType": "Stone cutting",
    "recipeRetstackSize": 1,
    "group": "",
    "cookingBookCategory": "MISC",
    "xpReward": 0.0,
    "cookingTime": 200,
    "craftingBookCategory": "MISC",
    "recipeShapeless": false,
    "stoneCuttingInputStack": {
      "value": "Blocks.CONCRETE#10"
    },
    "stoneCuttingReturnStack": {
      "value": "CUSTOM:WillshapersGlyph"
    },
    "name": "willshapers_glyph_recipe",
    "namespace": "mod"
  }
}