{
  "_fv": 69,
  "_type": "potioneffect",
  "definition": {
    "effectName": "Progression Surge",
    "icon": "progression_edgedancer.png",
    "color": {
      "value": -396305,
      "falpha": 0.0
    },
    "isInstant": false,
    "mobEffectCategory": "BENEFICIAL",
    "renderStatusInInventory": true,
    "renderStatusInHUD": true,
    "isCuredByMilk": true,
    "isProtectedByTotem": true,
    "isCuredbyHoney": false,
    "onActiveTick": {
      "name": "ProgressionOnEffectActiveTick"
    }
  }
}