{
  "_fv": 69,
  "_type": "potioneffect",
  "definition": {
    "effectName": "Abrasion Surge",
    "icon": "abrasion_dustbringer.png",
    "color": {
      "value": -3600882,
      "falpha": 0.0
    },
    "isInstant": false,
    "mobEffectCategory": "BENEFICIAL",
    "renderStatusInInventory": true,
    "renderStatusInHUD": true,
    "isCuredByMilk": true,
    "isProtectedByTotem": true,
    "isCuredbyHoney": false,
    "onStarted": {
      "name": "AbrasionEffectStartedapplied"
    },
    "onActiveTick": {
      "name": "AbrasionOnEffectActiveTick"
    },
    "onExpired": {
      "name": "AbrasionEffectExpires"
    }
  }
}