{
  "_fv": 69,
  "_type": "potioneffect",
  "definition": {
    "effectName": "Gravitation Surge",
    "icon": "gravitation_windrunner.png",
    "color": {
      "value": -16764007,
      "falpha": 0.0
    },
    "isInstant": false,
    "mobEffectCategory": "BENEFICIAL",
    "renderStatusInInventory": true,
    "renderStatusInHUD": true,
    "isCuredByMilk": true,
    "isProtectedByTotem": true,
    "isCuredbyHoney": false,
    "onStarted": {
      "name": "GravitationEffectStartedapplied"
    },
    "onActiveTick": {
      "name": "GravitationOnEffectActiveTick"
    },
    "onExpired": {
      "name": "GravitationSkybreakersEffectExpires"
    }
  }
}