{
  "_fv": 69,
  "_type": "tool",
  "definition": {
    "toolType": "Sword",
    "renderType": 1,
    "blockingRenderType": 0,
    "texture": "shardblade_lightweaver",
    "customModelName": "shardblade_lightweaver:default",
    "blockingModelName": "Normal blocking",
    "name": "Shardblade",
    "specialInformation": {
      "fixedValue": []
    },
    "creativeTabs": [
      {
        "value": "CUSTOM:Radiant"
      }
    ],
    "efficiency": 9.0,
    "attackSpeed": 1.6,
    "enchantability": 0,
    "damageVsEntity": 10.0,
    "usageCount": 2031,
    "glowCondition": {
      "fixedValue": false
    },
    "repairItems": [],
    "immuneToFire": true,
    "blockDropsTier": "NETHERITE",
    "blocksAffected": [],
    "stayInGridWhenCrafting": false,
    "damageOnCrafting": false,
    "onEntityHitWith": {
      "name": "LivingShardbladeEntityIsHitWithTool"
    }
  }
}