{
  "_fv": 69,
  "_type": "achievement",
  "definition": {
    "achievementName": "The Second Ideal",
    "achievementDescription": "Also called the Ideal of Justice, this is a specific oath to seek and administer justice. Once a master chooses to accept someone as a squire, they may swear this Ideal. This Ideal gives the squire the ability to breathe in Stormlight and use the Surge of Gravitation",
    "achievementIcon": {
      "value": "CUSTOM:SkybreakersGlyph"
    },
    "background": "Default",
    "disableDisplay": false,
    "showPopup": true,
    "announceToChat": true,
    "hideIfNotCompleted": false,
    "rewardLoot": [],
    "rewardRecipes": [],
    "rewardFunction": "No function",
    "rewardXP": 160,
    "achievementType": "task",
    "parent": {
      "value": "CUSTOM:InmortalWords"
    },
    "triggerxml": "<xml xmlns=\"https://developers.google.com/blockly/xml\"><block type=\"advancement_trigger\" deletable=\"false\" x=\"40\" y=\"80\"><next><block type=\"custom_trigger\"></block></next></block></xml>"
  }
}