{
  "_fv": 69,
  "_type": "tool",
  "definition": {
    "toolType": "Pickaxe",
    "renderType": 0,
    "blockingRenderType": 0,
    "texture": "stone_pickaxe_tension",
    "customModelName": "Normal",
    "blockingModelName": "Normal blocking",
    "name": "Tension Infused Stone Pickaxe",
    "specialInformation": {
      "fixedValue": []
    },
    "creativeTabs": [],
    "efficiency": 9.0,
    "attackSpeed": 1.2000000000000002,
    "enchantability": 0,
    "damageVsEntity": 6.0,
    "usageCount": 2032,
    "glowCondition": {
      "fixedValue": true
    },
    "repairItems": [],
    "immuneToFire": false,
    "blockDropsTier": "NETHERITE",
    "blocksAffected": [],
    "stayInGridWhenCrafting": false,
    "damageOnCrafting": false,
    "onItemInUseTick": {
      "name": "TensionPickaxeStoneToolInHandTick"
    }
  }
}