{
  "_fv": 69,
  "_type": "potioneffect",
  "definition": {
    "effectName": "Transportation Surge",
    "icon": "transportation_willshaper.png",
    "color": {
      "value": -8115787,
      "falpha": 0.0
    },
    "isInstant": false,
    "mobEffectCategory": "BENEFICIAL",
    "renderStatusInInventory": true,
    "renderStatusInHUD": true,
    "isCuredByMilk": true,
    "isProtectedByTotem": true,
    "isCuredbyHoney": false,
    "onActiveTick": {
      "name": "TransportationOnEffectActiveTick"
    }
  }
}