{
	"credit": "Made with Blockbench",
	"ambientocclusion": false,
	"texture_size": [64, 64],
	"textures": {
		"0": "Aon_Nae",
		"particle": "Aon_Nae"
	},
	"elements": [
		{
			"from": [0, 0, 15.9],
			"to": [16, 16, 15.9],
			"faces": {
				"north": {"uv": [0, 0, 16, 16], "texture": "#0"},
				"south": {"uv": [16, 0, 0, 16], "texture": "#0"}
			}
		}
	],
	"display": {
		"thirdperson_righthand": {
			"translation": [2.25, -1.25, -9.5]
		},
		"thirdperson_lefthand": {
			"translation": [0, 0.75, -9.5]
		},
		"firstperson_righthand": {
			"translation": [9.75, 1, -16],
			"scale": [0.95, 0.95, 0.95]
		},
		"firstperson_lefthand": {
			"translation": [9.75, 1, -16],
			"scale": [0.95, 0.95, 0.95]
		},
		"ground": {
			"translation": [0, 4, -7.5]
		},
		"gui": {
			"scale": [0.95, 0.95, 0.95]
		},
		"head": {
			"translation": [3.2, -0.75, -12.75],
			"scale": [0.65, 0.65, 0.65]
		},
		"fixed": {
			"translation": [0, 0, -8]
		}
	}
}