{
	"credit": "Made with Blockbench",
	"textures": {
		"1": "cultivationspren_texture_deshacer"
	},
	"elements": [
		{
			"from": [1, 1, 0],
			"to": [17, 1, 8],
			"rotation": {"angle": 45, "axis": "z", "origin": [9, 1, 8]},
			"faces": {
				"north": {"uv": [0, 0, 16, 0], "texture": "#1"},
				"east": {"uv": [0, 0, 16, 0], "texture": "#1"},
				"south": {"uv": [0, 0, 16, 0], "texture": "#1"},
				"west": {"uv": [0, 0, 16, 0], "texture": "#1"},
				"up": {"uv": [0, 16, 16, 0], "texture": "#1"},
				"down": {"uv": [0, 0, 16, 16], "texture": "#1"}
			}
		},
		{
			"from": [1, 1, 0],
			"to": [17, 1, 9],
			"rotation": {"angle": -45, "axis": "z", "origin": [9, 1, 8]},
			"faces": {
				"north": {"uv": [0, 0, 16, 0], "texture": "#1"},
				"east": {"uv": [0, 0, 16, 0], "texture": "#1"},
				"south": {"uv": [0, 0, 16, 0], "texture": "#1"},
				"west": {"uv": [0, 0, 16, 0], "texture": "#1"},
				"up": {"uv": [0, 16, 16, 0], "texture": "#1"},
				"down": {"uv": [0, 0, 16, 16], "texture": "#1"}
			}
		},
		{
			"from": [0, 1, 0],
			"to": [9, 1, 16],
			"rotation": {"angle": -45, "axis": "x", "origin": [10, 1, 8]},
			"faces": {
				"north": {"uv": [0, 0, 16, 0], "texture": "#1"},
				"east": {"uv": [0, 0, 16, 0], "texture": "#1"},
				"south": {"uv": [0, 0, 16, 0], "texture": "#1"},
				"west": {"uv": [0, 0, 16, 0], "texture": "#1"},
				"up": {"uv": [0, 16, 16, 0], "rotation": 270, "texture": "#1"},
				"down": {"uv": [0, 0, 16, 16], "rotation": 90, "texture": "#1"}
			}
		},
		{
			"from": [0, 1.5, 0],
			"to": [9, 1.5, 16],
			"rotation": {"angle": 45, "axis": "x", "origin": [9, 1.5, 8]},
			"faces": {
				"north": {"uv": [0, 0, 16, 0], "texture": "#1"},
				"east": {"uv": [0, 0, 16, 0], "texture": "#1"},
				"south": {"uv": [0, 0, 16, 0], "texture": "#1"},
				"west": {"uv": [0, 0, 16, 0], "texture": "#1"},
				"up": {"uv": [0, 16, 16, 0], "rotation": 270, "texture": "#1"},
				"down": {"uv": [0, 0, 16, 16], "rotation": 90, "texture": "#1"}
			}
		}
	],
	"display": {
		"thirdperson_righthand": {
			"translation": [0, 8.5, 0]
		},
		"thirdperson_lefthand": {
			"translation": [0, 10.75, 0]
		},
		"firstperson_righthand": {
			"translation": [2.25, 9.75, 0]
		},
		"firstperson_lefthand": {
			"translation": [0, 8.5, 0]
		},
		"gui": {
			"rotation": [90, 0, 0],
			"translation": [2.25, -2, 0]
		},
		"fixed": {
			"rotation": [90, 0, 0],
			"translation": [2, -1.5, 7.75]
		}
	}
}